Powell - x	Powell - f(x)	DE - x	DE - f(x)	PSO - x	PSO - f(x)
[0.00521722 0.02836497]	-0.106692848296	[0.0052106  0.02837505]	-0.106693006162	[0.00521377 0.02837217]	-0.106692981814
